date,area,average_price,code,houses_sold,no_of_crimes,borough_flag
01/02/2020,city of london,800016,E09000001,21,1582,1
01/03/2020,city of london,836241,E09000001,15,1800,1
01/04/2020,city of london,920444,E09000001,6,1273,1
01/05/2020,city of london,918209,E09000001,5,1451,1
01/06/2020,city of london,882872,E09000001,3,1625,1
01/07/2020,city of london,786627,E09000001,4,1679,1
01/08/2020,city of london,827659,E09000001,7,1634,1
01/09/2020,city of london,798499,E09000001,6,1605,1
01/10/2020,city of london,825742,E09000001,7,1702,1
01/11/2020,city of london,770972,E09000001,10,1711,1
01/12/2020,city of london,794277,E09000001,7,1482,1
01/01/2021,city of london,762757,E09000001,9,1399,1
01/02/2021,city of london,744324,E09000001,,1434,1
01/03/2021,city of london,864354,E09000001,,1578,1
01/02/2020,barking and dagenham,302697,E09000002,126,1582,1
01/03/2020,barking and dagenham,301413,E09000002,91,1800,1
01/04/2020,barking and dagenham,293603,E09000002,47,1273,1
01/05/2020,barking and dagenham,293816,E09000002,48,1451,1
01/06/2020,barking and dagenham,300526,E09000002,91,1625,1
01/07/2020,barking and dagenham,304556,E09000002,86,1679,1
01/08/2020,barking and dagenham,304924,E09000002,103,1634,1
01/09/2020,barking and dagenham,301702,E09000002,119,1605,1
01/10/2020,barking and dagenham,304764,E09000002,154,1702,1
01/11/2020,barking and dagenham,305053,E09000002,119,1711,1
01/12/2020,barking and dagenham,310281,E09000002,130,1482,1
01/01/2021,barking and dagenham,314068,E09000002,82,1399,1
01/02/2021,barking and dagenham,319589,E09000002,,1434,1
01/03/2021,barking and dagenham,317185,E09000002,,1578,1
01/02/2020,barnet,516660,E09000003,263,2592,1
01/03/2020,barnet,522115,E09000003,262,2299,1
01/04/2020,barnet,526689,E09000003,109,1660,1
01/05/2020,barnet,526033,E09000003,72,1994,1
01/06/2020,barnet,518175,E09000003,160,2102,1
01/07/2020,barnet,523280,E09000003,212,2382,1
01/08/2020,barnet,529660,E09000003,214,2381,1
01/09/2020,barnet,533619,E09000003,275,2308,1
01/10/2020,barnet,529762,E09000003,319,2463,1
01/11/2020,barnet,530931,E09000003,325,2402,1
01/12/2020,barnet,533160,E09000003,319,2156,1
01/01/2021,barnet,541622,E09000003,292,1841,1
01/02/2021,barnet,536096,E09000003,,1889,1
01/03/2021,barnet,534005,E09000003,,2473,1
01/02/2020,bexley ,339026,E09000004,255,1462,1
01/03/2020,bexley ,339182,E09000004,266,1284,1
01/04/2020,bexley ,341553,E09000004,102,912,1
01/05/2020,bexley ,339353,E09000004,98,1227,1
01/06/2020,bexley ,340893,E09000004,190,1187,1
01/07/2020,bexley ,344091,E09000004,214,1336,1
01/08/2020,bexley ,346680,E09000004,232,1433,1
01/09/2020,bexley ,345061,E09000004,232,1306,1
01/10/2020,bexley ,345459,E09000004,317,1305,1
01/11/2020,bexley ,347116,E09000004,256,1335,1
01/12/2020,bexley ,353710,E09000004,296,1181,1
01/01/2021,bexley ,358243,E09000004,246,1071,1
01/02/2021,bexley ,361861,E09000004,,1009,1
01/03/2021,bexley ,367015,E09000004,,1255,1
01/02/2020,brent,468311,E09000005,167,2390,1
01/03/2020,brent,466250,E09000005,143,2275,1
01/04/2020,brent,470601,E09000005,56,2032,1
01/05/2020,brent,482808,E09000005,61,2259,1
01/06/2020,brent,484160,E09000005,72,2414,1
01/07/2020,brent,482303,E09000005,120,2603,1
01/08/2020,brent,497729,E09000005,128,2598,1
01/09/2020,brent,519562,E09000005,155,2482,1
01/10/2020,brent,521251,E09000005,160,2606,1
01/11/2020,brent,512271,E09000005,133,2311,1
01/12/2020,brent,495231,E09000005,162,2262,1
01/01/2021,brent,508184,E09000005,126,1922,1
01/02/2021,brent,513426,E09000005,,2071,1
01/03/2021,brent,510533,E09000005,,2253,1
01/02/2020,bromley ,433716,E09000006,365,2074,1
01/03/2020,bromley ,432310,E09000006,387,1768,1
01/04/2020,bromley ,433426,E09000006,133,1444,1
01/05/2020,bromley ,425300,E09000006,155,1644,1
01/06/2020,bromley ,425444,E09000006,256,1693,1
01/07/2020,bromley ,428557,E09000006,337,1925,1
01/08/2020,bromley ,433423,E09000006,333,1786,1
01/09/2020,bromley ,435060,E09000006,404,1910,1
01/10/2020,bromley ,438366,E09000006,477,2073,1
01/11/2020,bromley ,446070,E09000006,434,1863,1
01/12/2020,bromley ,455443,E09000006,486,1670,1
01/01/2021,bromley ,459232,E09000006,374,1495,1
01/02/2021,bromley ,461773,E09000006,,1582,1
01/03/2021,bromley ,463226,E09000006,,1828,1
01/02/2020,camden,819659,E09000007,149,3454,1
01/03/2020,camden,854443,E09000007,153,2720,1
01/04/2020,camden,862077,E09000007,83,1640,1
01/05/2020,camden,855338,E09000007,61,1863,1
01/06/2020,camden,837719,E09000007,73,2083,1
01/07/2020,camden,807904,E09000007,131,2442,1
01/08/2020,camden,824742,E09000007,115,2594,1
01/09/2020,camden,839032,E09000007,155,2605,1
01/10/2020,camden,826733,E09000007,166,2724,1
01/11/2020,camden,818997,E09000007,132,2270,1
01/12/2020,camden,799708,E09000007,139,1974,1
01/01/2021,camden,816544,E09000007,134,1566,1
01/02/2021,camden,820738,E09000007,,1640,1
01/03/2021,camden,796442,E09000007,,2039,1
01/02/2020,croydon,372862,E09000008,311,2914,1
01/03/2020,croydon,371007,E09000008,304,2993,1
01/04/2020,croydon,370032,E09000008,136,2249,1
01/05/2020,croydon,373805,E09000008,126,2508,1
01/06/2020,croydon,372414,E09000008,211,2723,1
01/07/2020,croydon,377278,E09000008,286,3101,1
01/08/2020,croydon,374030,E09000008,296,2938,1
01/09/2020,croydon,377322,E09000008,302,2796,1
01/10/2020,croydon,377156,E09000008,390,2917,1
01/11/2020,croydon,381267,E09000008,376,2640,1
01/12/2020,croydon,381462,E09000008,367,2469,1
01/01/2021,croydon,386804,E09000008,297,2463,1
01/02/2021,croydon,389487,E09000008,,2340,1
01/03/2021,croydon,385345,E09000008,,2664,1
01/02/2020,ealing,467258,E09000009,209,2433,1
01/03/2020,ealing,480330,E09000009,253,2366,1
01/04/2020,ealing,480314,E09000009,118,1997,1
01/05/2020,ealing,473283,E09000009,93,2297,1
01/06/2020,ealing,463424,E09000009,128,2330,1
01/07/2020,ealing,466117,E09000009,134,2576,1
01/08/2020,ealing,483810,E09000009,184,2579,1
01/09/2020,ealing,490928,E09000009,187,2703,1
01/10/2020,ealing,492738,E09000009,215,2763,1
01/11/2020,ealing,495730,E09000009,203,2483,1
01/12/2020,ealing,496607,E09000009,213,2199,1
01/01/2021,ealing,499463,E09000009,178,2101,1
01/02/2021,ealing,497977,E09000009,,1989,1
01/03/2021,ealing,490426,E09000009,,2347,1
01/02/2020,enfield,389691,E09000010,187,2481,1
01/03/2020,enfield,392339,E09000010,171,2367,1
01/04/2020,enfield,395240,E09000010,91,1862,1
01/05/2020,enfield,391460,E09000010,70,2212,1
01/06/2020,enfield,385347,E09000010,147,2352,1
01/07/2020,enfield,386065,E09000010,158,2512,1
01/08/2020,enfield,397145,E09000010,147,2370,1
01/09/2020,enfield,399742,E09000010,187,2644,1
01/10/2020,enfield,405962,E09000010,229,2660,1
01/11/2020,enfield,405704,E09000010,239,2527,1
01/12/2020,enfield,413059,E09000010,238,2228,1
01/01/2021,enfield,418296,E09000010,196,2052,1
01/02/2021,enfield,416895,E09000010,,1891,1
01/03/2021,enfield,428257,E09000010,,2564,1
01/02/2020,greenwich,397389,E09000011,250,2307,1
01/03/2020,greenwich,394446,E09000011,231,2073,1
01/04/2020,greenwich,395917,E09000011,106,1661,1
01/05/2020,greenwich,392507,E09000011,81,2053,1
01/06/2020,greenwich,387218,E09000011,117,2194,1
01/07/2020,greenwich,386101,E09000011,167,2340,1
01/08/2020,greenwich,389491,E09000011,173,2235,1
01/09/2020,greenwich,399104,E09000011,196,2230,1
01/10/2020,greenwich,400712,E09000011,267,2227,1
01/11/2020,greenwich,405694,E09000011,272,2177,1
01/12/2020,greenwich,403274,E09000011,281,1886,1
01/01/2021,greenwich,409863,E09000011,205,1749,1
01/02/2021,greenwich,412010,E09000011,,1855,1
01/03/2021,greenwich,416306,E09000011,,2279,1
01/02/2020,hackney,570774,E09000012,161,2617,1
01/03/2020,hackney,578130,E09000012,143,2378,1
01/04/2020,hackney,579285,E09000012,59,1636,1
01/05/2020,hackney,576964,E09000012,69,2177,1
01/06/2020,hackney,571464,E09000012,108,2411,1
01/07/2020,hackney,584128,E09000012,148,2798,1
01/08/2020,hackney,584804,E09000012,112,2958,1
01/09/2020,hackney,607150,E09000012,165,3153,1
01/10/2020,hackney,596394,E09000012,144,2882,1
01/11/2020,hackney,597194,E09000012,119,2621,1
01/12/2020,hackney,586533,E09000012,135,2313,1
01/01/2021,hackney,601148,E09000012,142,2144,1
01/02/2021,hackney,602497,E09000012,,2016,1
01/03/2021,hackney,604466,E09000012,,2255,1
01/02/2020,hammersmith and fullham,737298,E09000013,168,1765,1
01/03/2020,hammersmith and fullham,717721,E09000013,196,1604,1
01/04/2020,hammersmith and fullham,698951,E09000013,113,1261,1
01/05/2020,hammersmith and fullham,680111,E09000013,91,1381,1
01/06/2020,hammersmith and fullham,718768,E09000013,95,1369,1
01/07/2020,hammersmith and fullham,748437,E09000013,142,1698,1
01/08/2020,hammersmith and fullham,758825,E09000013,146,1720,1
01/09/2020,hammersmith and fullham,752481,E09000013,189,1762,1
01/10/2020,hammersmith and fullham,734430,E09000013,171,1861,1
01/11/2020,hammersmith and fullham,739251,E09000013,146,1466,1
01/12/2020,hammersmith and fullham,726874,E09000013,169,1411,1
01/01/2021,hammersmith and fullham,740878,E09000013,137,1247,1
01/02/2021,hammersmith and fullham,728182,E09000013,,1289,1
01/03/2021,hammersmith and fullham,804517,E09000013,,1587,1
01/02/2020,haringey,540883,E09000014,122,2450,1
01/03/2020,haringey,543929,E09000014,172,2448,1
01/04/2020,haringey,544722,E09000014,80,2027,1
01/05/2020,haringey,549865,E09000014,75,2091,1
01/06/2020,haringey,546376,E09000014,103,2311,1
01/07/2020,haringey,547778,E09000014,120,2564,1
01/08/2020,haringey,565432,E09000014,148,2494,1
01/09/2020,haringey,570180,E09000014,176,2712,1
01/10/2020,haringey,586555,E09000014,193,2447,1
01/11/2020,haringey,582786,E09000014,163,2411,1
01/12/2020,haringey,586212,E09000014,204,2437,1
01/01/2021,haringey,593079,E09000014,168,2000,1
01/02/2021,haringey,593326,E09000014,,1946,1
01/03/2021,haringey,607029,E09000014,,2336,1
01/02/2020,harrow,450393,E09000015,154,1463,1
01/03/2020,harrow,450484,E09000015,160,1367,1
01/04/2020,harrow,451482,E09000015,67,1036,1
01/05/2020,harrow,445417,E09000015,61,1190,1
01/06/2020,harrow,441942,E09000015,110,1072,1
01/07/2020,harrow,445805,E09000015,112,1374,1
01/08/2020,harrow,452524,E09000015,128,1339,1
01/09/2020,harrow,454163,E09000015,156,1402,1
01/10/2020,harrow,459345,E09000015,175,1462,1
01/11/2020,harrow,466270,E09000015,158,1372,1
01/12/2020,harrow,473905,E09000015,153,1275,1
01/01/2021,harrow,475632,E09000015,142,1093,1
01/02/2021,harrow,480006,E09000015,,1091,1
01/03/2021,harrow,479417,E09000015,,1246,1
01/02/2020,havering,363718,E09000016,269,1567,1
01/03/2020,havering,365418,E09000016,270,1442,1
01/04/2020,havering,369485,E09000016,131,942,1
01/05/2020,havering,367940,E09000016,139,1156,1
01/06/2020,havering,371148,E09000016,234,1256,1
01/07/2020,havering,373192,E09000016,217,1500,1
01/08/2020,havering,375067,E09000016,215,1502,1
01/09/2020,havering,373312,E09000016,263,1480,1
01/10/2020,havering,371731,E09000016,302,1630,1
01/11/2020,havering,374373,E09000016,261,1354,1
01/12/2020,havering,378461,E09000016,335,1310,1
01/01/2021,havering,382254,E09000016,262,1155,1
01/02/2021,havering,385328,E09000016,,1198,1
01/03/2021,havering,390902,E09000016,,1389,1
01/02/2020,hillingdon,404051,E09000017,218,2115,1
01/03/2020,hillingdon,409234,E09000017,190,2154,1
01/04/2020,hillingdon,403517,E09000017,88,1597,1
01/05/2020,hillingdon,407142,E09000017,96,1975,1
01/06/2020,hillingdon,403039,E09000017,125,2151,1
01/07/2020,hillingdon,408573,E09000017,183,2140,1
01/08/2020,hillingdon,410161,E09000017,192,2267,1
01/09/2020,hillingdon,410314,E09000017,211,2173,1
01/10/2020,hillingdon,414512,E09000017,273,2154,1
01/11/2020,hillingdon,417042,E09000017,262,2166,1
01/12/2020,hillingdon,426715,E09000017,271,1765,1
01/01/2021,hillingdon,426608,E09000017,193,1653,1
01/02/2021,hillingdon,428206,E09000017,,1705,1
01/03/2021,hillingdon,419408,E09000017,,2003,1
01/02/2020,hounslow,411303,E09000018,159,2053,1
01/03/2020,hounslow,409444,E09000018,173,2082,1
01/04/2020,hounslow,401334,E09000018,85,1786,1
01/05/2020,hounslow,396578,E09000018,62,1929,1
01/06/2020,hounslow,394693,E09000018,91,1968,1
01/07/2020,hounslow,394813,E09000018,132,2190,1
01/08/2020,hounslow,407761,E09000018,134,2058,1
01/09/2020,hounslow,418843,E09000018,137,2227,1
01/10/2020,hounslow,423637,E09000018,159,2113,1
01/11/2020,hounslow,427243,E09000018,182,1968,1
01/12/2020,hounslow,426114,E09000018,190,1665,1
01/01/2021,hounslow,432037,E09000018,142,1599,1
01/02/2021,hounslow,429200,E09000018,,1587,1
01/03/2021,hounslow,423197,E09000018,,2043,1
01/02/2020,islington,668883,E09000019,174,2566,1
01/03/2020,islington,651932,E09000019,235,1999,1
01/04/2020,islington,642190,E09000019,77,1488,1
01/05/2020,islington,630653,E09000019,61,1745,1
01/06/2020,islington,641492,E09000019,66,1935,1
01/07/2020,islington,656971,E09000019,107,2253,1
01/08/2020,islington,678741,E09000019,101,2397,1
01/09/2020,islington,691114,E09000019,126,2365,1
01/10/2020,islington,691885,E09000019,139,2225,1
01/11/2020,islington,675229,E09000019,148,1995,1
01/12/2020,islington,660155,E09000019,155,1846,1
01/01/2021,islington,686589,E09000019,110,1519,1
01/02/2021,islington,689965,E09000019,,1545,1
01/03/2021,islington,682485,E09000019,,1887,1
01/02/2020,kensington and chelsea,1319106,E09000020,103,1769,1
01/03/2020,kensington and chelsea,1344120,E09000020,138,1475,1
01/04/2020,kensington and chelsea,1366508,E09000020,85,895,1
01/05/2020,kensington and chelsea,1353405,E09000020,61,1096,1
01/06/2020,kensington and chelsea,1300968,E09000020,65,1266,1
01/07/2020,kensington and chelsea,1321047,E09000020,105,1663,1
01/08/2020,kensington and chelsea,1344350,E09000020,80,1567,1
01/09/2020,kensington and chelsea,1347733,E09000020,135,1703,1
01/10/2020,kensington and chelsea,1309245,E09000020,136,1758,1
01/11/2020,kensington and chelsea,1322480,E09000020,110,1267,1
01/12/2020,kensington and chelsea,1341825,E09000020,124,1484,1
01/01/2021,kensington and chelsea,1335987,E09000020,107,1055,1
01/02/2021,kensington and chelsea,1265639,E09000020,,1104,1
01/03/2021,kensington and chelsea,1332134,E09000020,,1264,1
01/02/2020,kingston upon thames,487189,E09000021,157,1055,1
01/03/2020,kingston upon thames,486392,E09000021,153,912,1
01/04/2020,kingston upon thames,486367,E09000021,70,684,1
01/05/2020,kingston upon thames,482372,E09000021,52,819,1
01/06/2020,kingston upon thames,478540,E09000021,84,940,1
01/07/2020,kingston upon thames,484775,E09000021,141,1068,1
01/08/2020,kingston upon thames,497936,E09000021,152,1015,1
01/09/2020,kingston upon thames,499978,E09000021,159,1025,1
01/10/2020,kingston upon thames,498419,E09000021,191,964,1
01/11/2020,kingston upon thames,495783,E09000021,214,931,1
01/12/2020,kingston upon thames,499816,E09000021,204,838,1
01/01/2021,kingston upon thames,506885,E09000021,163,722,1
01/02/2021,kingston upon thames,503586,E09000021,,660,1
01/03/2021,kingston upon thames,511318,E09000021,,830,1
01/02/2020,lambeth,517146,E09000022,270,2683,1
01/03/2020,lambeth,514006,E09000022,266,2516,1
01/04/2020,lambeth,503116,E09000022,133,1895,1
01/05/2020,lambeth,513274,E09000022,120,2273,1
01/06/2020,lambeth,520303,E09000022,164,2491,1
01/07/2020,lambeth,538635,E09000022,260,2897,1
01/08/2020,lambeth,538243,E09000022,227,2958,1
01/09/2020,lambeth,544458,E09000022,238,2883,1
01/10/2020,lambeth,543609,E09000022,296,2694,1
01/11/2020,lambeth,544879,E09000022,298,2559,1
01/12/2020,lambeth,538503,E09000022,353,2210,1
01/01/2021,lambeth,543874,E09000022,223,2017,1
01/02/2021,lambeth,533049,E09000022,,2069,1
01/03/2021,lambeth,530046,E09000022,,2557,1
01/02/2020,lewisham,413010,E09000023,229,2217,1
01/03/2020,lewisham,412505,E09000023,240,2106,1
01/04/2020,lewisham,412995,E09000023,108,2017,1
01/05/2020,lewisham,416638,E09000023,123,2271,1
01/06/2020,lewisham,422939,E09000023,162,2294,1
01/07/2020,lewisham,422336,E09000023,204,2512,1
01/08/2020,lewisham,421910,E09000023,231,2457,1
01/09/2020,lewisham,427229,E09000023,265,2412,1
01/10/2020,lewisham,434645,E09000023,268,2488,1
01/11/2020,lewisham,440720,E09000023,284,2338,1
01/12/2020,lewisham,440122,E09000023,339,2067,1
01/01/2021,lewisham,444959,E09000023,216,2000,1
01/02/2021,lewisham,445113,E09000023,,1851,1
01/03/2021,lewisham,432500,E09000023,,2185,1
01/02/2020,merton,502402,E09000024,138,1121,1
01/03/2020,merton,513961,E09000024,169,1135,1
01/04/2020,merton,511327,E09000024,72,892,1
01/05/2020,merton,515916,E09000024,67,1001,1
01/06/2020,merton,519174,E09000024,128,1111,1
01/07/2020,merton,524383,E09000024,145,1274,1
01/08/2020,merton,528417,E09000024,147,1208,1
01/09/2020,merton,525931,E09000024,186,1247,1
01/10/2020,merton,541103,E09000024,227,1213,1
01/11/2020,merton,548094,E09000024,220,1108,1
01/12/2020,merton,553989,E09000024,219,983,1
01/01/2021,merton,556418,E09000024,170,932,1
01/02/2021,merton,555453,E09000024,,844,1
01/03/2021,merton,557445,E09000024,,1105,1
01/02/2020,newham,371572,E09000025,116,2907,1
01/03/2020,newham,366990,E09000025,147,2595,1
01/04/2020,newham,360609,E09000025,58,2071,1
01/05/2020,newham,363515,E09000025,69,2331,1
01/06/2020,newham,371624,E09000025,84,2697,1
01/07/2020,newham,375328,E09000025,108,2990,1
01/08/2020,newham,374037,E09000025,151,2985,1
01/09/2020,newham,368467,E09000025,185,2902,1
01/10/2020,newham,374898,E09000025,183,3092,1
01/11/2020,newham,378268,E09000025,150,2790,1
01/12/2020,newham,387242,E09000025,172,2864,1
01/01/2021,newham,386677,E09000025,121,2430,1
01/02/2021,newham,392522,E09000025,,2310,1
01/03/2021,newham,378862,E09000025,,2608,1
01/02/2020,redbridge,416970,E09000026,196,2124,1
01/03/2020,redbridge,420539,E09000026,169,1907,1
01/04/2020,redbridge,419057,E09000026,75,1487,1
01/05/2020,redbridge,418540,E09000026,70,1731,1
01/06/2020,redbridge,412781,E09000026,145,1900,1
01/07/2020,redbridge,417394,E09000026,171,2038,1
01/08/2020,redbridge,420140,E09000026,145,1939,1
01/09/2020,redbridge,427270,E09000026,167,2008,1
01/10/2020,redbridge,429978,E09000026,190,2126,1
01/11/2020,redbridge,437533,E09000026,202,1978,1
01/12/2020,redbridge,444825,E09000026,192,1849,1
01/01/2021,redbridge,458144,E09000026,190,1726,1
01/02/2021,redbridge,460039,E09000026,,1638,1
01/03/2021,redbridge,454415,E09000026,,1967,1
01/02/2020,richmond upon thames,654405,E09000027,198,1020,1
01/03/2020,richmond upon thames,654949,E09000027,183,933,1
01/04/2020,richmond upon thames,665144,E09000027,86,719,1
01/05/2020,richmond upon thames,688187,E09000027,82,970,1
01/06/2020,richmond upon thames,701625,E09000027,109,1017,1
01/07/2020,richmond upon thames,695228,E09000027,202,1201,1
01/08/2020,richmond upon thames,688624,E09000027,205,1175,1
01/09/2020,richmond upon thames,689690,E09000027,232,1113,1
01/10/2020,richmond upon thames,689687,E09000027,259,1060,1
01/11/2020,richmond upon thames,692019,E09000027,256,1004,1
01/12/2020,richmond upon thames,695835,E09000027,283,909,1
01/01/2021,richmond upon thames,703137,E09000027,234,745,1
01/02/2021,richmond upon thames,695311,E09000027,,784,1
01/03/2021,richmond upon thames,690985,E09000027,,931,1
01/02/2020,southwark,496049,E09000028,169,3039,1
01/03/2020,southwark,496620,E09000028,216,2447,1
01/04/2020,southwark,500245,E09000028,106,1843,1
01/05/2020,southwark,516452,E09000028,122,2231,1
01/06/2020,southwark,509473,E09000028,153,2538,1
01/07/2020,southwark,508674,E09000028,179,2990,1
01/08/2020,southwark,506554,E09000028,205,3158,1
01/09/2020,southwark,510643,E09000028,213,3001,1
01/10/2020,southwark,515911,E09000028,246,2986,1
01/11/2020,southwark,526973,E09000028,213,2616,1
01/12/2020,southwark,540155,E09000028,252,2396,1
01/01/2021,southwark,541088,E09000028,185,1992,1
01/02/2021,southwark,526824,E09000028,,2228,1
01/03/2021,southwark,508423,E09000028,,2582,1
01/02/2020,sutton,372777,E09000029,180,1205,1
01/03/2020,sutton,375195,E09000029,153,1189,1
01/04/2020,sutton,376824,E09000029,74,868,1
01/05/2020,sutton,371896,E09000029,87,1017,1
01/06/2020,sutton,371088,E09000029,143,1106,1
01/07/2020,sutton,373184,E09000029,156,1049,1
01/08/2020,sutton,378301,E09000029,173,1034,1
01/09/2020,sutton,381405,E09000029,184,1022,1
01/10/2020,sutton,385121,E09000029,237,1093,1
01/11/2020,sutton,390584,E09000029,286,1181,1
01/12/2020,sutton,393660,E09000029,238,922,1
01/01/2021,sutton,395536,E09000029,196,822,1
01/02/2021,sutton,399334,E09000029,,835,1
01/03/2021,sutton,395397,E09000029,,1008,1
01/02/2020,tower hamlets,474711,E09000030,247,2684,1
01/03/2020,tower hamlets,480145,E09000030,254,2505,1
01/04/2020,tower hamlets,470444,E09000030,142,1917,1
01/05/2020,tower hamlets,460079,E09000030,102,2289,1
01/06/2020,tower hamlets,445197,E09000030,133,2545,1
01/07/2020,tower hamlets,444565,E09000030,183,2929,1
01/08/2020,tower hamlets,454850,E09000030,204,2897,1
01/09/2020,tower hamlets,467584,E09000030,235,3053,1
01/10/2020,tower hamlets,475917,E09000030,285,2980,1
01/11/2020,tower hamlets,472568,E09000030,204,2611,1
01/12/2020,tower hamlets,469125,E09000030,217,2472,1
01/01/2021,tower hamlets,462096,E09000030,155,2465,1
01/02/2021,tower hamlets,468039,E09000030,,2149,1
01/03/2021,tower hamlets,496247,E09000030,,2630,1
01/02/2020,waltham forest,436716,E09000031,175,2104,1
01/03/2020,waltham forest,436487,E09000031,199,1935,1
01/04/2020,waltham forest,440821,E09000031,94,1686,1
01/05/2020,waltham forest,444103,E09000031,80,1925,1
01/06/2020,waltham forest,447790,E09000031,130,2019,1
01/07/2020,waltham forest,443867,E09000031,193,2098,1
01/08/2020,waltham forest,449510,E09000031,170,2054,1
01/09/2020,waltham forest,450748,E09000031,177,2041,1
01/10/2020,waltham forest,464739,E09000031,236,1901,1
01/11/2020,waltham forest,470487,E09000031,222,1942,1
01/12/2020,waltham forest,472942,E09000031,271,1757,1
01/01/2021,waltham forest,475368,E09000031,219,1702,1
01/02/2021,waltham forest,479292,E09000031,,1575,1
01/03/2021,waltham forest,490895,E09000031,,1882,1
01/02/2020,wandsworth,610322,E09000032,277,2101,1
01/03/2020,wandsworth,609325,E09000032,339,1842,1
01/04/2020,wandsworth,612598,E09000032,144,1413,1
01/05/2020,wandsworth,607048,E09000032,144,1804,1
01/06/2020,wandsworth,596641,E09000032,213,2056,1
01/07/2020,wandsworth,597441,E09000032,303,2230,1
01/08/2020,wandsworth,611665,E09000032,321,2278,1
01/09/2020,wandsworth,630857,E09000032,355,2449,1
01/10/2020,wandsworth,627596,E09000032,405,2280,1
01/11/2020,wandsworth,622904,E09000032,383,2104,1
01/12/2020,wandsworth,609769,E09000032,468,1945,1
01/01/2021,wandsworth,609597,E09000032,337,1734,1
01/02/2021,wandsworth,603480,E09000032,,1905,1
01/03/2021,wandsworth,598279,E09000032,,2096,1
01/02/2020,westminster,1013861,E09000033,144,6685,1
01/03/2020,westminster,1006660,E09000033,175,4693,1
01/04/2020,westminster,1026785,E09000033,92,1709,1
01/05/2020,westminster,944550,E09000033,62,2265,1
01/06/2020,westminster,957831,E09000033,78,3005,1
01/07/2020,westminster,917264,E09000033,109,4108,1
01/08/2020,westminster,981248,E09000033,125,4492,1
01/09/2020,westminster,941114,E09000033,171,4477,1
01/10/2020,westminster,909857,E09000033,168,4338,1
01/11/2020,westminster,902651,E09000033,135,3006,1
01/12/2020,westminster,910766,E09000033,170,3503,1
01/01/2021,westminster,943264,E09000033,147,2010,1
01/02/2021,westminster,949258,E09000033,,2024,1
01/03/2021,westminster,927993,E09000033,,2720,1
01/02/2020,inner london,582822,E13000001,"2,350",,0
01/03/2020,inner london,583041,E13000001,"2,689",,0
01/04/2020,inner london,581017,E13000001,"1,286",,0
01/05/2020,inner london,577820,E13000001,"1,165",,0
01/06/2020,inner london,576729,E13000001,"1,500",,0
01/07/2020,inner london,579694,E13000001,"2,103",,0
01/08/2020,inner london,588876,E13000001,"2,173",,0
01/09/2020,inner london,595535,E13000001,"2,614",,0
01/10/2020,inner london,595937,E13000001,"2,807",,0
01/11/2020,inner london,596054,E13000001,"2,495",,0
01/12/2020,inner london,593906,E13000001,"2,904",,0
01/01/2021,inner london,598986,E13000001,"2,191",,0
01/02/2021,inner london,594986,E13000001,,,0
01/03/2021,inner london,595921,E13000001,,,0
01/02/2020,outer london,423711,E13000002,"3,977",,0
01/03/2020,outer london,425232,E13000002,"3,927",,0
01/04/2020,outer london,425810,E13000002,"1,740",,0
01/05/2020,outer london,425045,E13000002,"1,600",,0
01/06/2020,outer london,423808,E13000002,"2,671",,0
01/07/2020,outer london,426273,E13000002,"3,366",,0
01/08/2020,outer london,431209,E13000002,"3,471",,0
01/09/2020,outer london,434299,E13000002,"3,929",,0
01/10/2020,outer london,437101,E13000002,"4,777",,0
01/11/2020,outer london,440483,E13000002,"4,620",,0
01/12/2020,outer london,444190,E13000002,"4,848",,0
01/01/2021,outer london,449184,E13000002,"3,907",,0
01/02/2021,outer london,450514,E13000002,,,0
01/03/2021,outer london,450712,E13000002,,,0
01/02/2020,north east,126846,E12000001,"2,586",,0
01/03/2020,north east,128335,E12000001,"2,552",,0
01/04/2020,north east,123259,E12000001,959,,0
01/05/2020,north east,127066,E12000001,"1,476",,0
01/06/2020,north east,128964,E12000001,"2,269",,0
01/07/2020,north east,130808,E12000001,"2,608",,0
01/08/2020,north east,131490,E12000001,"2,775",,0
01/09/2020,north east,135363,E12000001,"2,867",,0
01/10/2020,north east,135579,E12000001,"3,698",,0
01/11/2020,north east,138308,E12000001,"3,301",,0
01/12/2020,north east,139671,E12000001,"3,349",,0
01/01/2021,north east,140636,E12000001,"2,341",,0
01/02/2021,north east,141634,E12000001,,,0
01/03/2021,north east,145893,E12000001,,,0
01/02/2020,north west,164784,E12000002,"7,744",,0
01/03/2020,north west,166676,E12000002,"7,550",,0
01/04/2020,north west,163863,E12000002,"2,961",,0
01/05/2020,north west,164234,E12000002,"4,178",,0
01/06/2020,north west,168963,E12000002,"5,984",,0
01/07/2020,north west,171215,E12000002,"6,835",,0
01/08/2020,north west,173942,E12000002,"7,293",,0
01/09/2020,north west,174192,E12000002,"8,135",,0
01/10/2020,north west,178198,E12000002,"9,840",,0
01/11/2020,north west,179338,E12000002,"9,293",,0
01/12/2020,north west,183160,E12000002,"9,660",,0
01/01/2021,north west,182121,E12000002,"6,616",,0
01/02/2021,north west,185726,E12000002,,,0
01/03/2021,north west,187924,E12000002,,,0
01/02/2020,yorks and the humber,164394,E12000003,"5,524",,0
01/03/2020,yorks and the humber,165486,E12000003,"5,367",,0
01/04/2020,yorks and the humber,160235,E12000003,"2,230",,0
01/05/2020,yorks and the humber,164927,E12000003,"3,179",,0
01/06/2020,yorks and the humber,168096,E12000003,"4,692",,0
01/07/2020,yorks and the humber,169204,E12000003,"5,163",,0
01/08/2020,yorks and the humber,171634,E12000003,"5,397",,0
01/09/2020,yorks and the humber,172110,E12000003,"6,113",,0
01/10/2020,yorks and the humber,175279,E12000003,"7,560",,0
01/11/2020,yorks and the humber,179290,E12000003,"7,063",,0
01/12/2020,yorks and the humber,180260,E12000003,"7,114",,0
01/01/2021,yorks and the humber,181692,E12000003,"5,019",,0
01/02/2021,yorks and the humber,182363,E12000003,,,0
01/03/2021,yorks and the humber,188575,E12000003,,,0
01/02/2020,east midlands,193380,E12000004,"5,273",,0
01/03/2020,east midlands,196012,E12000004,"5,052",,0
01/04/2020,east midlands,196252,E12000004,"2,034",,0
01/05/2020,east midlands,194742,E12000004,"3,003",,0
01/06/2020,east midlands,199049,E12000004,"4,378",,0
01/07/2020,east midlands,200701,E12000004,"4,757",,0
01/08/2020,east midlands,201351,E12000004,"4,834",,0
01/09/2020,east midlands,202270,E12000004,"5,238",,0
01/10/2020,east midlands,205701,E12000004,"6,523",,0
01/11/2020,east midlands,208842,E12000004,"6,133",,0
01/12/2020,east midlands,211462,E12000004,"6,532",,0
01/01/2021,east midlands,211885,E12000004,"4,428",,0
01/02/2021,east midlands,215930,E12000004,,,0
01/03/2021,east midlands,219950,E12000004,,,0
01/02/2020,west midlands,199044,E12000005,"5,589",,0
01/03/2020,west midlands,199894,E12000005,"5,364",,0
01/04/2020,west midlands,195119,E12000005,"2,183",,0
01/05/2020,west midlands,198336,E12000005,"2,929",,0
01/06/2020,west midlands,202038,E12000005,"4,373",,0
01/07/2020,west midlands,203670,E12000005,"5,048",,0
01/08/2020,west midlands,205466,E12000005,"5,104",,0
01/09/2020,west midlands,207558,E12000005,"5,461",,0
01/10/2020,west midlands,209680,E12000005,"6,966",,0
01/11/2020,west midlands,211908,E12000005,"6,413",,0
01/12/2020,west midlands,215422,E12000005,"6,995",,0
01/01/2021,west midlands,214106,E12000005,"4,926",,0
01/02/2021,west midlands,216990,E12000005,,,0
01/03/2021,west midlands,220982,E12000005,,,0
01/02/2020,east of england,289046,E12000006,"6,726",,0
01/03/2020,east of england,288815,E12000006,"6,745",,0
01/04/2020,east of england,290855,E12000006,"2,784",,0
01/05/2020,east of england,290097,E12000006,"3,376",,0
01/06/2020,east of england,291578,E12000006,"5,309",,0
01/07/2020,east of england,292738,E12000006,"5,854",,0
01/08/2020,east of england,296928,E12000006,"6,069",,0
01/09/2020,east of england,300532,E12000006,"6,836",,0
01/10/2020,east of england,300216,E12000006,"8,541",,0
01/11/2020,east of england,302367,E12000006,"8,474",,0
01/12/2020,east of england,307780,E12000006,"8,950",,0
01/01/2021,east of england,308452,E12000006,"6,663",,0
01/02/2021,east of england,311432,E12000006,,,0
01/03/2021,east of england,315059,E12000006,,,0
01/02/2020,london,474998,E12000007,"6,327",,0
01/03/2020,london,482523,E12000007,"6,616",,0
01/04/2020,london,475226,E12000007,"3,026",,0
01/05/2020,london,470394,E12000007,"2,765",,0
01/06/2020,london,478922,E12000007,"4,171",,0
01/07/2020,london,483146,E12000007,"5,469",,0
01/08/2020,london,488557,E12000007,"5,644",,0
01/09/2020,london,492983,E12000007,"6,543",,0
01/10/2020,london,487502,E12000007,"7,584",,0
01/11/2020,london,496536,E12000007,"7,115",,0
01/12/2020,london,499008,E12000007,"7,752",,0
01/01/2021,london,502652,E12000007,"6,098",,0
01/02/2021,london,495402,E12000007,,,0
01/03/2021,london,500310,E12000007,,,0
01/02/2020,south east,318615,E12000008,"9,779",,0
01/03/2020,south east,323681,E12000008,"9,858",,0
01/04/2020,south east,324559,E12000008,"3,973",,0
01/05/2020,south east,321421,E12000008,"4,799",,0
01/06/2020,south east,322172,E12000008,"7,393",,0
01/07/2020,south east,325886,E12000008,"8,957",,0
01/08/2020,south east,329550,E12000008,"9,265",,0
01/09/2020,south east,332372,E12000008,"10,625",,0
01/10/2020,south east,333762,E12000008,"12,954",,0
01/11/2020,south east,338719,E12000008,"12,596",,0
01/12/2020,south east,341091,E12000008,"13,882",,0
01/01/2021,south east,341982,E12000008,"10,723",,0
01/02/2021,south east,345483,E12000008,,,0
01/03/2021,south east,348615,E12000008,,,0
01/02/2020,southwest,256769,E12000009,"6,393",,0
01/03/2020,southwest,259746,E12000009,"6,617",,0
01/04/2020,southwest,256591,E12000009,"2,348",,0
01/05/2020,southwest,255487,E12000009,"3,280",,0
01/06/2020,southwest,259493,E12000009,"5,081",,0
01/07/2020,southwest,264554,E12000009,"6,023",,0
01/08/2020,southwest,265726,E12000009,"6,040",,0
01/09/2020,southwest,270737,E12000009,"6,875",,0
01/10/2020,southwest,272516,E12000009,"8,766",,0
01/11/2020,southwest,275204,E12000009,"8,247",,0
01/12/2020,southwest,279223,E12000009,"9,486",,0
01/01/2021,southwest,278723,E12000009,"6,509",,0
01/02/2021,southwest,280373,E12000009,,,0
01/03/2021,southwest,287650,E12000009,,,0
01/02/2020,england,246884,E92000001,"55,941",,0
01/03/2020,england,249403,E92000001,"55,721",,0
01/04/2020,england,246476,E92000001,"22,498",,0
01/05/2020,england,247025,E92000001,"28,985",,0
01/06/2020,england,250851,E92000001,"43,650",,0
01/07/2020,england,253482,E92000001,"50,714",,0
01/08/2020,england,256135,E92000001,"52,421",,0
01/09/2020,england,258545,E92000001,"58,693",,0
01/10/2020,england,260626,E92000001,"72,432",,0
01/11/2020,england,264077,E92000001,"68,635",,0
01/12/2020,england,267363,E92000001,"73,720",,0
01/01/2021,england,267675,E92000001,"53,323",,0
01/02/2021,england,269976,E92000001,,,0
01/03/2021,england,274615,E92000001,,,0
